Map,Date,Duration,Friends,Score,Result,Player,Ping,Kills,Assists,Deaths,MVP,HSP,Player score
Cache,21/09 23:14,49:40,3,16 : 14,won,mancomeister,31,42,3,17,8,11%,91
Cache,21/09 23:14,49:40,3,16 : 14,won,Izze - www.twitch.tv/izzelas,32,32,2,19,5,43%,69
Cache,21/09 23:14,49:40,3,16 : 14,won,Barbameister,34,15,13,22,1,26%,51
Cache,21/09 23:14,49:40,3,16 : 14,won,Houzen,36,12,7,20,0,58%,31
Cache,21/09 23:14,49:40,3,16 : 14,won,Tablon James,31,11,4,20,2,27%,28
Dust II,20/09 00:53,42:29,3,16 : 11,won,mancomeister,31,34,10,18,6,47%,80
Dust II,20/09 00:53,42:29,3,16 : 11,won,marian_pm,34,26,6,20,6,38%,71
Dust II,20/09 00:53,42:29,3,16 : 11,won,Tablon James,30,25,4,21,2,40%,62
Dust II,20/09 00:53,42:29,3,16 : 11,won,Gerardo Sofovich,18,9,5,20,1,55%,32
Dust II,20/09 00:53,42:29,3,16 : 11,won,Barbameister,31,13,3,22,1,28%,31
Inferno,19/09 23:55,48:02,3,16 : 11,won,mancomeister,34,39,4,14,7,28%,91
Inferno,19/09 23:55,48:02,3,16 : 11,won,Barbameister,31,20,8,14,5,35%,56
Inferno,19/09 23:55,48:02,3,16 : 11,won,Tablon James,31,22,4,14,4,22%,53
Inferno,19/09 23:55,48:02,3,16 : 11,won,marian_pm,34,12,6,16,0,33%,34
Inferno,19/09 23:55,48:02,3,16 : 11,won,Gerardo Sofovich,19,7,1,20,0,28%,21
Inferno,19/09 02:28,35:01,2,16 : 6,won,paper,43,26,6,11,5,50%,64
Inferno,19/09 02:28,35:01,2,16 : 6,won,9z_guisn98,31,18,8,16,4,38%,48
Inferno,19/09 02:28,35:01,2,16 : 6,won,Tablon James,31,16,3,14,2,37%,42
Inferno,19/09 02:28,35:01,2,16 : 6,won,Gerardo Sofovich,23,16,5,18,4,43%,39
Inferno,19/09 02:28,35:01,2,16 : 6,won,pmky 'pmc,43,14,4,13,1,57%,33
Mirage,19/09 02:00,23:14,2,1 : 16,lost,paper,35,9,3,16,0,77%,24
Mirage,19/09 02:00,23:14,2,1 : 16,lost,Tablon James,31,8,2,17,0,37%,18
Mirage,19/09 02:00,23:14,2,1 : 16,lost,9z_guisn98,26,6,0,17,1,16%,12
Mirage,19/09 02:00,23:14,2,1 : 16,lost,Gerardo Sofovich,18,5,0,17,0,60%,12
Mirage,19/09 02:00,23:14,2,1 : 16,lost,jma,47,5,1,16,0,20%,11
Inferno,18/09 23:19,46:38,4,13 : 16,lost,[Z]elth,40,26,4,20,4,33%,60
Inferno,18/09 23:19,46:38,4,13 : 16,lost,paper,34,18,8,19,1,16%,56
Inferno,18/09 23:19,46:38,4,13 : 16,lost,nicookazan,35,23,5,25,2,39%,52
Inferno,18/09 23:19,46:38,4,13 : 16,lost,Tablon James,20,20,5,23,6,35%,48
Inferno,18/09 23:19,46:38,4,13 : 16,lost,BOT Zini,708,11,4,22,0,36%,30
Inferno,13/09 01:22,48:18,3,16 : 12,won,[Z]elth,43,30,6,18,5,45%,74
Inferno,13/09 01:22,48:18,3,16 : 12,won,MaxKent,38,24,6,17,5,37%,63
Inferno,13/09 01:22,48:18,3,16 : 12,won,BOT Zini,39,22,13,21,2,22%,61
Inferno,13/09 01:22,48:18,3,16 : 12,won,Tablon James,32,17,8,23,3,29%,43
Inferno,13/09 01:22,48:18,3,16 : 12,won,ElAlzehimerDeMirtha,43,12,4,20,1,16%,32
Mirage,07/09 01:04,38:22,4,16 : 11,won,BOT Zini,41,26,2,22,5,30%,62
Mirage,07/09 01:04,38:22,4,16 : 11,won,Tablon James,39,21,5,19,3,33%,56
Mirage,07/09 01:04,38:22,4,16 : 11,won,[Z]elth,43,19,1,17,1,31%,41
Mirage,07/09 01:04,38:22,4,16 : 11,won,nicookazan,34,11,6,25,2,18%,32
Mirage,07/09 01:04,38:22,4,16 : 11,won,Gerardo Sofovich,27,10,2,20,0,60%,25
Inferno,07/09 00:15,33:36,4,16 : 4,won,BOT Zini,32,23,6,11,6,4%,57
Inferno,07/09 00:15,33:36,4,16 : 4,won,[Z]elth,46,23,5,11,3,52%,54
Inferno,07/09 00:15,33:36,4,16 : 4,won,Tablon James,38,17,8,13,2,17%,45
Inferno,07/09 00:15,33:36,4,16 : 4,won,nicookazan,31,16,6,13,2,18%,38
Inferno,07/09 00:15,33:36,4,16 : 4,won,Gerardo Sofovich,27,12,5,16,3,25%,33
Mirage,05/09 23:54,31:09,2,4 : 16,lost,L4nchi77,29,11,2,17,2,27%,33
Mirage,05/09 23:54,31:09,2,4 : 16,lost,BOT Zini,28,13,3,19,1,38%,29
Mirage,05/09 23:54,31:09,2,4 : 16,lost,Tablon James,33,8,4,18,0,0%,28
Mirage,05/09 23:54,31:09,2,4 : 16,lost,sabino,113,10,1,15,1,20%,27
Mirage,05/09 23:54,31:09,2,4 : 16,lost,[Z]elth,29,10,1,17,0,30%,22
Inferno,05/09 23:07,41:49,2,16 : 11,won,BOT Zini,42,28,7,23,3,25%,72
Inferno,05/09 23:07,41:49,2,16 : 11,won,Tablon James,44,23,3,21,2,13%,49
Inferno,05/09 23:07,41:49,2,16 : 11,won,[Z]elth,45,18,3,24,1,33%,42
Inferno,05/09 23:07,41:49,2,16 : 11,won,FCND,41,14,6,20,3,28%,38
Inferno,05/09 23:07,41:49,2,16 : 11,won,Lorem ipsum,22,8,7,21,2,25%,23
Inferno,05/09 00:37,37:14,2,6 : 16,lost,MaxKent,33,19,1,20,2,26%,41
Inferno,05/09 00:37,37:14,2,6 : 16,lost,Tablon James,31,14,9,20,1,42%,41
Inferno,05/09 00:37,37:14,2,6 : 16,lost,BOT Zini,26,17,4,20,1,41%,40
Inferno,05/09 00:37,37:14,2,6 : 16,lost,vidz,0,15,2,16,2,23%,35
Inferno,05/09 00:37,37:14,2,6 : 16,lost,wind,26,5,1,19,0,20%,14
Mirage,04/09 23:49,41:06,3,16 : 9,won,carthos75,51,40,2,12,8,37%,97
Mirage,04/09 23:49,41:06,3,16 : 9,won,mancomeister,31,22,3,17,3,36%,57
Mirage,04/09 23:49,41:06,3,16 : 9,won,MaxKent,38,18,4,17,0,33%,50
Mirage,04/09 23:49,41:06,3,16 : 9,won,Tablon James,28,16,4,20,3,37%,41
Mirage,04/09 23:49,41:06,3,16 : 9,won,BOT Zini,42,9,6,17,2,44%,33
Mirage,03/09 23:58,46:22,3,15 : 15,won,paper,64,25,3,20,3,20%,66
Mirage,03/09 23:58,46:22,3,15 : 15,won,BOT Zini,59,24,1,21,3,16%,63
Mirage,03/09 23:58,46:22,3,15 : 15,won,Tablon James,61,21,10,24,3,9%,59
Mirage,03/09 23:58,46:22,3,15 : 15,won,Calv√£o Bueno,76,20,3,23,3,35%,55
Mirage,03/09 23:58,46:22,3,15 : 15,won,Gerardo Sofovich,53,13,3,27,3,23%,37
Inferno,03/09 23:12,39:36,3,12 : 16,lost,paper,47,33,5,18,4,51%,79
Inferno,03/09 23:12,39:36,3,12 : 16,lost,Tablon James,31,25,2,16,7,20%,63
Inferno,03/09 23:12,39:36,3,12 : 16,lost,BOT Zini,31,22,3,22,5,40%,48
Inferno,03/09 23:12,39:36,3,12 : 16,lost,Gerardo Sofovich,26,12,6,23,0,50%,33
Inferno,03/09 23:12,39:36,3,12 : 16,lost,| TAQuEEZ,0,0,1,6,0,0%,1
Inferno,02/09 23:21,41:41,1,16 : 10,won,BOT Zini,42,19,6,21,1,10%,47
Inferno,02/09 23:21,41:41,1,16 : 10,won,W I œü H E,0,18,3,17,3,26%,45
Inferno,02/09 23:21,41:41,1,16 : 10,won,Barbinha,10,16,3,22,2,31%,43
Inferno,02/09 23:21,41:41,1,16 : 10,won,Tablon James,42,16,3,19,1,37%,37
Inferno,02/09 23:21,41:41,1,16 : 10,won,Pepino de mar csgocases.com,56,15,2,20,3,40%,35
Mirage,30/08 01:06,31:31,3,16 : 8,won,[Z]elth,38,29,3,9,6,58%,74
Mirage,30/08 01:06,31:31,3,16 : 8,won,Tablon James,31,24,10,13,1,16%,65
Mirage,30/08 01:06,31:31,3,16 : 8,won,BOT Zini,29,22,6,13,4,27%,52
Mirage,30/08 01:06,31:31,3,16 : 8,won,nicookazan,31,20,2,12,5,20%,47
Mirage,30/08 01:06,31:31,3,16 : 8,won,iDerkss,18,7,4,14,0,71%,20
Inferno,30/08 00:11,48:13,3,14 : 16,lost,[Z]elth,45,33,4,25,4,39%,72
Inferno,30/08 00:11,48:13,3,14 : 16,lost,BOT Zini,37,19,11,23,3,31%,56
Inferno,30/08 00:11,48:13,3,14 : 16,lost,nicookazan,38,24,2,21,5,16%,54
Inferno,30/08 00:11,48:13,3,14 : 16,lost,Tablon James,36,20,9,22,1,25%,51
Inferno,30/08 00:11,48:13,3,14 : 16,lost,iDerkss,27,7,2,24,1,57%,20
Mirage,23/08 00:52,43:04,2,15 : 15,won,ForceN,30,35,2,19,5,25%,73
Mirage,23/08 00:52,43:04,2,15 : 15,won,Wolfverine,54,22,5,21,2,31%,53
Mirage,23/08 00:52,43:04,2,15 : 15,won,BOT Zini,27,21,4,22,2,38%,52
Mirage,23/08 00:52,43:04,2,15 : 15,won,Tablon James,55,13,5,21,3,15%,40
Mirage,23/08 00:52,43:04,2,15 : 15,won,[Z]elth,37,16,5,20,3,31%,39
Mirage,23/08 00:13,33:05,4,16 : 8,won,BOT Zini,40,24,10,16,4,41%,62
Mirage,23/08 00:13,33:05,4,16 : 8,won,Tablon James,32,24,7,16,3,37%,60
Mirage,23/08 00:13,33:05,4,16 : 8,won,nicookazan,39,21,5,15,6,38%,53
Mirage,23/08 00:13,33:05,4,16 : 8,won,[Z]elth,44,21,4,14,2,28%,48
Mirage,23/08 00:13,33:05,4,16 : 8,won,paper,50,8,6,13,1,10%,30
Mirage,22/08 00:18,45:22,3,16 : 13,won,BOT Zini,30,23,2,20,3,13%,61
Mirage,22/08 00:18,45:22,3,16 : 13,won,Tablon James,31,24,3,22,4,37%,55
Mirage,22/08 00:18,45:22,3,16 : 13,won,nicookazan,29,22,4,19,2,22%,50
Mirage,22/08 00:18,45:22,3,16 : 13,won,d3sas,17,19,7,19,2,36%,50
Mirage,22/08 00:18,45:22,3,16 : 13,won,paper,43,20,2,19,2,30%,47
Inferno,21/08 23:37,29:05,2,16 : 2,won,Tablon James,30,14,1,17,0,28%,29
Inferno,21/08 23:37,29:05,2,16 : 2,won,paper,38,10,2,13,1,33%,24
Inferno,21/08 23:37,29:05,2,16 : 2,won,BOT Zini,35,6,8,17,0,0%,22
Inferno,21/08 23:37,29:05,2,16 : 2,won,WUHAN,89,7,3,16,1,28%,17
Inferno,21/08 23:37,29:05,2,16 : 2,won,BANANA,0,1,2,8,0,0%,4
Inferno,19/08 00:18,50:19,3,13 : 16,lost,MatiMartinez,105,25,4,18,4,24%,71
Inferno,19/08 00:18,50:19,3,13 : 16,lost,BOT Zini,40,26,6,22,2,42%,64
Inferno,19/08 00:18,50:19,3,13 : 16,lost,paper,39,24,7,20,3,33%,61
Inferno,19/08 00:18,50:19,3,13 : 16,lost,Tablon James,31,20,4,26,2,30%,45
Inferno,19/08 00:18,50:19,3,13 : 16,lost,Gerardo Sofovich,35,7,7,25,2,25%,29
Inferno,15/08 01:59,36:06,2,5 : 16,lost,77.tincho,41,28,2,7,5,28%,63
Inferno,15/08 01:59,36:06,2,5 : 16,lost,Tablon James,28,23,4,14,6,39%,58
Inferno,15/08 01:59,36:06,2,5 : 16,lost,BOT Zini,31,22,1,17,3,72%,56
Inferno,15/08 01:59,36:06,2,5 : 16,lost,Gerardo Sofovich,27,8,1,14,1,62%,30
Inferno,15/08 01:59,36:06,2,5 : 16,lost,MYKE TOWEEERS ‚ô•‚ô•‚ô•‚ô•‚ô•‚ô•‚ô•‚ô•‚ô•‚ô•‚ô•‚ô•,27,7,5,13,1,42%,22
Inferno,15/08 01:04,40:51,3,16 : 11,won,BOT Zini,31,24,6,20,4,58%,60
Inferno,15/08 01:04,40:51,3,16 : 11,won,paper,31,24,4,14,2,50%,56
Inferno,15/08 01:04,40:51,3,16 : 11,won,Tablon James,31,27,1,16,7,25%,55
Inferno,15/08 01:04,40:51,3,16 : 11,won,OV333R,5,8,3,16,2,37%,32
Inferno,15/08 01:04,40:51,3,16 : 11,won,Gerardo Sofovich,27,10,4,15,1,20%,29
Mirage,15/08 00:06,36:38,2,10 : 16,lost,BOT Zini,30,26,5,22,5,42%,61
Mirage,15/08 00:06,36:38,2,10 : 16,lost,paper,30,17,0,17,2,55%,43
Mirage,15/08 00:06,36:38,2,10 : 16,lost,SlipZhor,31,13,4,19,1,15%,34
Mirage,15/08 00:06,36:38,2,10 : 16,lost,Tablon James,37,12,1,21,2,38%,32
Mirage,15/08 00:06,36:38,2,10 : 16,lost,Bona,0,10,3,14,0,36%,27
Inferno,09/08 01:41,40:25,3,16 : 10,won,CARLITOS ‚ô•‚ô•‚ô•‚ô•‚ô•‚ô•‚ô•‚ô•‚ô•‚ô•‚ô•‚ô•,43,26,2,10,6,23%,62
Inferno,09/08 01:41,40:25,3,16 : 10,won,BOT Zini,41,25,3,19,4,28%,56
Inferno,09/08 01:41,40:25,3,16 : 10,won,[Z]elth,48,20,4,16,2,50%,45
Inferno,09/08 01:41,40:25,3,16 : 10,won,Gerardo Sofovich,33,15,4,16,1,53%,40
Inferno,09/08 01:41,40:25,3,16 : 10,won,Tablon James,32,16,4,17,3,25%,38
Mirage,09/08 00:52,42:31,2,12 : 16,lost,veiga05,12,24,4,23,2,25%,57
Mirage,09/08 00:52,42:31,2,12 : 16,lost,Tczk,5,23,4,19,6,26%,56
Mirage,09/08 00:52,42:31,2,12 : 16,lost,BOT Zini,41,19,7,26,1,31%,47
Mirage,09/08 00:52,42:31,2,12 : 16,lost,Tablon James,38,17,6,24,2,23%,44
Mirage,09/08 00:52,42:31,2,12 : 16,lost,[Z]elth,46,13,3,21,1,38%,32
Inferno,08/08 23:48,39:26,2,16 : 7,won,|GDC| CRISTIANO GATINHO,17,26,9,10,4,15%,64
Inferno,08/08 23:48,39:26,2,16 : 7,won,BOT Zini,43,18,8,14,3,38%,52
Inferno,08/08 23:48,39:26,2,16 : 7,won,LAMBEPAU,30,23,2,12,5,21%,48
Inferno,08/08 23:48,39:26,2,16 : 7,won,Tyrion,40,17,2,13,3,35%,39
Inferno,08/08 23:48,39:26,2,16 : 7,won,Tablon James,33,14,3,14,1,21%,34
Inferno,08/08 00:50,46:19,2,16 : 10,won,MaxKent,40,31,4,18,5,43%,77
Inferno,08/08 00:50,46:19,2,16 : 10,won,Tablon James,36,32,4,21,3,37%,73
Inferno,08/08 00:50,46:19,2,16 : 10,won,FalleceAEdadTemprana,53,19,5,23,2,31%,46
Inferno,08/08 00:50,46:19,2,16 : 10,won,Gerardo Sofovich,33,5,5,26,0,20%,17
Inferno,08/08 00:50,46:19,2,16 : 10,won,M.A.C.O1,30,4,3,21,0,75%,15
Inferno,07/08 23:48,47:23,3,16 : 11,won,mancomeister,37,42,1,18,7,28%,94
Inferno,07/08 23:48,47:23,3,16 : 11,won,MaxKent,39,14,5,23,2,7%,33
Inferno,07/08 23:48,47:23,3,16 : 11,won,Tablon James,33,11,3,25,0,27%,25
Inferno,07/08 23:48,47:23,3,16 : 11,won,QAP,37,10,2,22,1,54%,22
Inferno,07/08 23:48,47:23,3,16 : 11,won,Gerardo Sofovich,34,8,2,24,1,37%,22
Mirage,07/08 22:57,30:31,2,16 : 6,won,Tyrion,79,20,3,18,2,70%,50
Mirage,07/08 22:57,30:31,2,16 : 6,won,Tablon James,33,14,6,21,1,50%,34
Mirage,07/08 22:57,30:31,2,16 : 6,won,Enrolagem,9,13,0,20,3,38%,26
Mirage,07/08 22:57,30:31,2,16 : 6,won,‚ôõ RIKKI ‚ôõ,5,10,2,18,0,30%,24
Mirage,07/08 22:57,30:31,2,16 : 6,won,Gerardo Sofovich,32,6,3,20,0,14%,19
Mirage,07/08 21:07,42:33,2,16 : 12,won,MaxKent,42,27,3,19,7,37%,57
Mirage,07/08 21:07,42:33,2,16 : 12,won,Darkxodia,23,24,3,20,1,12%,55
Mirage,07/08 21:07,42:33,2,16 : 12,won,Tablon James,32,24,4,19,3,37%,52
Mirage,07/08 21:07,42:33,2,16 : 12,won,Gerardo Sofovich,34,12,4,23,1,25%,35
Mirage,07/08 21:07,42:33,2,16 : 12,won,:),122,10,11,23,0,30%,31
Inferno,03/08 00:20,47:43,2,15 : 15,won,Tablon James,30,28,9,24,4,32%,72
Inferno,03/08 00:20,47:43,2,15 : 15,won,MaxKent,41,28,3,23,7,35%,61
Inferno,03/08 00:20,47:43,2,15 : 15,won,DaYgOoxD,54,23,4,19,4,39%,56
Inferno,03/08 00:20,47:43,2,15 : 15,won,Gerardo Sofovich,25,8,10,29,0,37%,26
Inferno,03/08 00:20,47:43,2,15 : 15,won,LG,0,0,0,1,0,0%,0
Mirage,02/08 23:40,35:18,2,16 : 6,won,RAEL,31,18,4,20,0,50%,41
Mirage,02/08 23:40,35:18,2,16 : 6,won,MaxKent,40,18,2,20,0,50%,38
Mirage,02/08 23:40,35:18,2,16 : 6,won,Nobre,45,13,1,17,2,38%,32
Mirage,02/08 23:40,35:18,2,16 : 6,won,Tablon James,32,12,3,18,2,41%,30
Mirage,02/08 23:40,35:18,2,16 : 6,won,Gerardo Sofovich,31,4,3,16,2,0%,22
Mirage,01/08 01:39,34:52,3,9 : 16,lost,mancomeister,44,30,3,18,3,53%,71
Mirage,01/08 01:39,34:52,3,9 : 16,lost,Tablon James,31,13,6,23,2,38%,34
Mirage,01/08 01:39,34:52,3,9 : 16,lost,BOT Zini,39,13,4,22,3,15%,34
Mirage,01/08 01:39,34:52,3,9 : 16,lost,VTPlay,5,10,3,19,1,40%,28
Mirage,01/08 01:39,34:52,3,9 : 16,lost,Gerardo Sofovich,31,5,0,24,0,20%,13
Inferno,01/08 01:16,16:12,3,7 : 3,won,mancomeister,38,16,3,5,4,50%,37
Inferno,01/08 01:16,16:12,3,7 : 3,won,*0VERKILL*,38,8,0,6,1,37%,19
Inferno,01/08 01:16,16:12,3,7 : 3,won,BOT Zini,31,7,2,6,0,57%,16
Inferno,01/08 01:16,16:12,3,7 : 3,won,Tablon James,31,6,1,6,1,33%,13
Inferno,01/08 01:16,16:12,3,7 : 3,won,Gerardo Sofovich,25,3,3,5,0,0%,9
Inferno,01/08 00:42,27:35,3,3 : 15,lost,mancomeister,36,19,5,9,5,47%,50
Inferno,01/08 00:42,27:35,3,3 : 15,lost,ElVagoCumbia.-!,39,20,6,12,3,33%,47
Inferno,01/08 00:42,27:35,3,3 : 15,lost,BOT Zini,31,12,7,10,4,23%,39
Inferno,01/08 00:42,27:35,3,3 : 15,lost,Tablon James,37,14,3,7,3,50%,38
Inferno,01/08 00:42,27:35,3,3 : 15,lost,Gerardo Sofovich,29,7,0,8,0,28%,25
Inferno,31/07 01:40,55:35,3,15 : 15,won,Tablon James,31,24,6,23,2,37%,69
Inferno,31/07 01:40,55:35,3,15 : 15,won,BOT Zini,30,28,8,21,7,30%,67
Inferno,31/07 01:40,55:35,3,15 : 15,won,paper,33,27,5,21,4,33%,65
Inferno,31/07 01:40,55:35,3,15 : 15,won,Gerardo Sofovich,28,12,5,27,0,33%,29
Inferno,31/07 01:40,55:35,3,15 : 15,won,Camello,0,6,6,21,2,28%,22
Inferno,31/07 00:50,45:28,2,16 : 12,won,RafiKi,16,32,1,17,3,21%,69
Inferno,31/07 00:50,45:28,2,16 : 12,won,Tablon James,32,25,4,20,4,24%,58
Inferno,31/07 00:50,45:28,2,16 : 12,won,BOT Zini,44,19,7,23,3,47%,48
Inferno,31/07 00:50,45:28,2,16 : 12,won,paper,40,15,7,19,1,53%,39
Inferno,31/07 00:50,45:28,2,16 : 12,won,LOJAMUVUCA.com.br CSGO.NET,5,8,6,21,1,37%,27
Mirage,31/07 00:10,30:33,1,5 : 16,lost,Tablon James,32,15,2,17,3,33%,44
Mirage,31/07 00:10,30:33,1,5 : 16,lost,renegarri22,96,12,4,18,0,41%,29
Mirage,31/07 00:10,30:33,1,5 : 16,lost,paper,41,9,1,17,0,40%,22
Mirage,31/07 00:10,30:33,1,5 : 16,lost,@Salvejhow_,0,7,2,19,1,12%,20
Mirage,31/07 00:10,30:33,1,5 : 16,lost,Apollo,0,4,3,17,1,33%,12
Cache,26/07 23:29,35:13,2,7 : 16,lost,‚òÖTITA‚óè,105,24,5,17,4,25%,62
Cache,26/07 23:29,35:13,2,7 : 16,lost,Tyrion,62,23,5,19,8,56%,55
Cache,26/07 23:29,35:13,2,7 : 16,lost,Tablon James,62,14,6,17,2,42%,44
Cache,26/07 23:29,35:13,2,7 : 16,lost,Gerardo Sofovich,56,3,2,18,2,66%,16
Cache,26/07 23:29,35:13,2,7 : 16,lost,Eliminaitor,0,0,1,3,0,0%,1
Mirage,25/07 00:57,42:16,2,9 : 16,lost,mancomeister,29,27,3,16,3,29%,64
Mirage,25/07 00:57,42:16,2,9 : 16,lost,‚ú™Laxxion,19,13,5,20,3,46%,42
Mirage,25/07 00:57,42:16,2,9 : 16,lost,Tablon James,31,14,7,22,1,14%,41
Mirage,25/07 00:57,42:16,2,9 : 16,lost,Gerardo Sofovich,23,12,3,22,2,38%,39
Mirage,25/07 00:57,42:16,2,9 : 16,lost,‚ú™Lukee,31,9,1,22,0,22%,20
Mirage,24/07 23:32,43:08,1,10 : 16,lost,corxea ending,5,24,7,22,5,37%,55
Mirage,24/07 23:32,43:08,1,10 : 16,lost,rambo,42,19,5,22,3,21%,46
Mirage,24/07 23:32,43:08,1,10 : 16,lost,bareirojuanmanuel2,36,14,2,20,1,35%,38
Mirage,24/07 23:32,43:08,1,10 : 16,lost,Gerardo Sofovich,25,15,3,17,1,33%,36
Mirage,24/07 23:32,43:08,1,10 : 16,lost,Tablon James,0,1,3,4,0,50%,5
Inferno,22/07 23:02,49:49,2,16 : 14,won,ManoCat,24,29,7,22,6,27%,78
Inferno,22/07 23:02,49:49,2,16 : 14,won,üéØoFLK99G,46,28,7,22,2,17%,67
Inferno,22/07 23:02,49:49,2,16 : 14,won,Tablon James,32,22,7,24,3,20%,56
Inferno,22/07 23:02,49:49,2,16 : 14,won,BOT Zini,39,19,5,26,2,57%,47
Inferno,22/07 23:02,49:49,2,16 : 14,won,Gerardo Sofovich,34,11,6,24,1,54%,38
Inferno,22/07 22:37,12:43,2,8 : 1,won,Tyrion,41,18,2,1,4,44%,39
Inferno,22/07 22:37,12:43,2,8 : 1,won,Estarnnek,20,10,0,1,3,60%,22
Inferno,22/07 22:37,12:43,2,8 : 1,won,V1rus,49,4,4,5,0,75%,13
Inferno,22/07 22:37,12:43,2,8 : 1,won,Gerardo Sofovich,33,2,3,5,0,0%,7
Inferno,22/07 22:37,12:43,2,8 : 1,won,Tablon James,34,2,2,5,0,0%,6
Mirage,22/07 21:58,31:31,2,16 : 5,won,Tyrion,41,34,8,8,7,47%,81
Mirage,22/07 21:58,31:31,2,16 : 5,won,Tablon James,31,25,8,13,5,24%,60
Mirage,22/07 21:58,31:31,2,16 : 5,won,Jv^,20,17,6,10,2,41%,40
Mirage,22/07 21:58,31:31,2,16 : 5,won,REIDAMACONHA'o18,15,14,6,12,2,35%,38
Mirage,22/07 21:58,31:31,2,16 : 5,won,Gerardo Sofovich,32,3,3,14,0,66%,13
Mirage,22/07 01:27,49:40,2,14 : 16,lost,Mula Lolusco,31,31,3,21,3,35%,69
Mirage,22/07 01:27,49:40,2,14 : 16,lost,BOT Zini,43,25,6,22,6,32%,69
Mirage,22/07 01:27,49:40,2,14 : 16,lost,Tablon James,31,21,4,21,1,28%,55
Mirage,22/07 01:27,49:40,2,14 : 16,lost,Sushi Satan,11,14,3,19,2,21%,43
Mirage,22/07 01:27,49:40,2,14 : 16,lost,Gerardo Sofovich,32,7,3,25,2,57%,28
Inferno,22/07 00:45,34:51,2,16 : 8,won,sugaxdasd ‚ô•‚ô•‚ô•‚ô•‚ô•‚ô•‚ô•‚ô•‚ô•‚ô•‚ô•‚ô•,20,23,3,20,1,34%,49
Inferno,22/07 00:45,34:51,2,16 : 8,won,Tablon James,33,18,6,18,3,10%,48
Inferno,22/07 00:45,34:51,2,16 : 8,won,BOT Zini,29,18,2,22,1,21%,39
Inferno,22/07 00:45,34:51,2,16 : 8,won,Gerardo Sofovich,24,12,4,19,2,41%,31
Inferno,22/07 00:45,34:51,2,16 : 8,won,(:ZUKA:)‚ô•‚ô•‚ô•‚ô•‚ô•‚ô•‚ô•‚ô•‚ô•‚ô•‚ô•‚ô•,21,7,7,21,1,42%,21
Inferno,20/07 22:56,33:14,2,4 : 16,lost,Tyrion,44,20,3,17,4,55%,51
Inferno,20/07 22:56,33:14,2,4 : 16,lost,Tablon James,32,11,2,20,0,16%,29
Inferno,20/07 22:56,33:14,2,4 : 16,lost,76561199047064490,40,6,1,20,0,50%,13
Inferno,20/07 22:56,33:14,2,4 : 16,lost,Gerardo Sofovich,33,4,1,18,0,50%,11
Inferno,20/07 22:56,33:14,2,4 : 16,lost,DA A CARA QUE TOMA...,0,1,0,6,0,0%,2
Inferno,18/07 01:43,35:15,2,8 : 16,lost,Tablon James,31,24,1,19,4,16%,58
Inferno,18/07 01:43,35:15,2,8 : 16,lost,WriteDrag,34,13,3,20,0,46%,36
Inferno,18/07 01:43,35:15,2,8 : 16,lost,BOT Zini,29,12,2,20,2,30%,33
Inferno,18/07 01:43,35:15,2,8 : 16,lost,„ÄéLGS„ÄèCuevaFire,36,9,2,20,1,33%,25
Inferno,18/07 01:43,35:15,2,8 : 16,lost,Gerardo Sofovich,24,5,0,20,1,20%,13
Mirage,18/07 00:49,30:30,1,16 : 5,won,Tablon James,31,21,4,17,3,52%,49
Mirage,18/07 00:49,30:30,1,16 : 5,won,INT_s4nty,116,11,5,19,2,0%,27
Mirage,18/07 00:49,30:30,1,16 : 5,won,kuta08,26,11,4,19,0,18%,26
Mirage,18/07 00:49,30:30,1,16 : 5,won,ytpepix com ‚ô•‚ô•‚ô•‚ô•‚ô•‚ô•‚ô•‚ô•‚ô•‚ô•‚ô•‚ô•,68,9,1,19,0,44%,21
Mirage,18/07 00:49,30:30,1,16 : 5,won,Gerardo Sofovich,27,8,0,19,0,25%,21
Inferno,09/07 00:15,30:20,2,16 : 6,won,‚ò†’¶ ÷ÑƒÖ ÇƒÖ ”ÄƒÖ…æ—µƒÖ ‚ò†,20,15,1,19,1,50%,34
Inferno,09/07 00:15,30:20,2,16 : 6,won,paper,0,14,3,18,1,43%,34
Inferno,09/07 00:15,30:20,2,16 : 6,won,Tablon James,31,14,3,19,2,20%,33
Inferno,09/07 00:15,30:20,2,16 : 6,won,dePL0x,14,11,4,21,1,36%,26
Inferno,09/07 00:15,30:20,2,16 : 6,won,Gerardo Sofovich,26,5,2,19,1,20%,15
Mirage,08/07 23:34,36:20,2,16 : 6,won,Tablon James,46,22,7,14,3,27%,56
Mirage,08/07 23:34,36:20,2,16 : 6,won,TURRO420,31,22,3,11,5,22%,52
Mirage,08/07 23:34,36:20,2,16 : 6,won,‚ú™NIKO ÿ™Ÿàÿ≠ÿ¥ŸÜÿßŸÉ,26,22,2,10,3,22%,50
Mirage,08/07 23:34,36:20,2,16 : 6,won,paper,40,17,6,14,0,23%,41
Mirage,08/07 23:34,36:20,2,16 : 6,won,Gerardo Sofovich,35,8,3,17,5,25%,32
Inferno,05/07 01:33,28:54,2,16 : 3,won,BOT Zini,29,28,7,8,7,39%,65
Inferno,05/07 01:33,28:54,2,16 : 3,won,Tablon James,31,23,2,9,3,0%,48
Inferno,05/07 01:33,28:54,2,16 : 3,won,E ‚ô•‚ô•‚ô•‚ô•‚ô•‚ô•‚ô•‚ô•‚ô•‚ô•‚ô•‚ô•,43,20,6,12,6,35%,48
Inferno,05/07 01:33,28:54,2,16 : 3,won,Gerardo Sofovich,25,9,3,10,0,33%,22
Inferno,05/07 01:33,28:54,2,16 : 3,won,el peluca,32,7,4,10,0,42%,19
Cache,04/07 01:39,30:44,2,5 : 16,lost,paper,40,17,1,18,2,17%,38
Cache,04/07 01:39,30:44,2,5 : 16,lost,Tablon James,44,15,1,16,1,26%,34
Cache,04/07 01:39,30:44,2,5 : 16,lost,‚Ñíùí∂ùìáùíæùìàùìàùí∂,5,10,2,19,0,27%,24
Cache,04/07 01:39,30:44,2,5 : 16,lost,ùïØùñäùñíùñîùñìùñéùñî,7,7,3,18,2,14%,21
Cache,04/07 01:39,30:44,2,5 : 16,lost,Gerardo Sofovich,31,5,5,20,0,33%,15
Inferno,04/07 00:41,52:18,2,14 : 16,lost,renansh12,21,33,4,18,7,15%,72
Inferno,04/07 00:41,52:18,2,14 : 16,lost,paper,44,27,7,20,2,33%,63
Inferno,04/07 00:41,52:18,2,14 : 16,lost,Tablon James,38,21,10,25,5,28%,58
Inferno,04/07 00:41,52:18,2,14 : 16,lost,Gerardo Sofovich,33,17,6,22,2,44%,47
Inferno,04/07 00:41,52:18,2,14 : 16,lost,_GrimmM--,55,15,1,15,0,46%,35
Inferno,04/07 00:07,25:43,1,2 : 16,lost,Tablon James,26,11,2,17,0,27%,28
Inferno,04/07 00:07,25:43,1,2 : 16,lost,23p,23,10,0,18,0,60%,20
Inferno,04/07 00:07,25:43,1,2 : 16,lost,Feer,32,6,0,18,1,66%,15
Inferno,04/07 00:07,25:43,1,2 : 16,lost,la_facherita :3,54,5,2,17,1,100%,12
Inferno,04/07 00:07,25:43,1,2 : 16,lost,Gerardo Sofovich,27,2,0,17,0,50%,8
Inferno,28/06 02:04,45:44,3,16 : 10,won,[Z]elth,32,33,3,17,7,36%,76
Inferno,28/06 02:04,45:44,3,16 : 10,won,Tablon James,43,20,8,17,2,10%,49
Inferno,28/06 02:04,45:44,3,16 : 10,won,ElAlzehimerDeMirtha,45,17,6,19,5,35%,42
Inferno,28/06 02:04,45:44,3,16 : 10,won,Gerardo Sofovich,37,14,1,18,1,57%,34
Inferno,28/06 02:04,45:44,3,16 : 10,won,BOT Zini,42,13,6,22,1,53%,34
Mirage,28/06 01:29,31:46,3,13 : 6,won,Tablon James,31,27,3,11,5,14%,63
Mirage,28/06 01:29,31:46,3,13 : 6,won,BOT Zini,29,17,4,10,4,35%,42
Mirage,28/06 01:29,31:46,3,13 : 6,won,[Z]elth,32,14,6,14,0,50%,36
Mirage,28/06 01:29,31:46,3,13 : 6,won,ElAlzehimerDeMirtha,37,11,1,12,2,45%,26
Mirage,28/06 01:29,31:46,3,13 : 6,won,Gerardo Sofovich,25,8,2,10,1,12%,20
Cache,27/06 00:59,30:26,3,16 : 4,won,Mate,31,31,8,7,8,32%,79
Cache,27/06 00:59,30:26,3,16 : 4,won,Tyrion,35,24,9,8,5,37%,61
Cache,27/06 00:59,30:26,3,16 : 4,won,MaxKent,32,17,8,11,2,29%,45
Cache,27/06 00:59,30:26,3,16 : 4,won,Tablon James,40,13,5,11,1,30%,33
Cache,27/06 00:59,30:26,3,16 : 4,won,mancomeister,26,5,3,14,0,0%,15
Inferno,27/06 00:01,45:42,3,11 : 16,lost,Mate,34,27,6,13,3,33%,69
Inferno,27/06 00:01,45:42,3,11 : 16,lost,Tyrion,31,27,4,19,4,32%,61
Inferno,27/06 00:01,45:42,3,11 : 16,lost,Tablon James,29,22,3,21,4,40%,56
Inferno,27/06 00:01,45:42,3,11 : 16,lost,MaxKent,41,23,4,21,4,34%,51
Inferno,27/06 00:01,45:42,3,11 : 16,lost,mancomeister,28,5,1,19,1,80%,18
Cache,26/06 23:00,54:11,3,16 : 13,won,Tyrion,31,36,5,17,8,30%,90
Cache,26/06 23:00,54:11,3,16 : 13,won,Mate,31,25,6,20,3,42%,59
Cache,26/06 23:00,54:11,3,16 : 13,won,Tablon James,33,20,3,19,4,20%,48
Cache,26/06 23:00,54:11,3,16 : 13,won,MaxKent,41,14,10,23,1,50%,44
Cache,26/06 23:00,54:11,3,16 : 13,won,Gerardo Sofovich,0,-1,0,1,0,0%,0
Inferno,20/06 01:00,44:03,4,13 : 16,lost,Tyrion,43,32,9,19,3,43%,79
Inferno,20/06 01:00,44:03,4,13 : 16,lost,BOT Zini,33,25,6,21,4,24%,60
Inferno,20/06 01:00,44:03,4,13 : 16,lost,Tablon James,40,23,2,19,4,26%,50
Inferno,20/06 01:00,44:03,4,13 : 16,lost,paper,33,16,3,19,3,56%,46
Inferno,20/06 01:00,44:03,4,13 : 16,lost,Gerardo Sofovich,50,5,1,22,2,0%,18
Inferno,20/06 00:21,33:01,4,16 : 5,won,Tyrion,43,24,9,13,5,56%,61
Inferno,20/06 00:21,33:01,4,16 : 5,won,Tablon James,44,24,2,12,2,20%,55
Inferno,20/06 00:21,33:01,4,16 : 5,won,BOT Zini,39,16,5,11,3,47%,46
Inferno,20/06 00:21,33:01,4,16 : 5,won,paper,43,17,0,11,5,47%,35
Inferno,20/06 00:21,33:01,4,16 : 5,won,Gerardo Sofovich,56,9,1,11,1,44%,23
Cache,19/06 23:30,46:07,4,11 : 16,lost,Tyrion,43,28,4,21,3,57%,62
Cache,19/06 23:30,46:07,4,11 : 16,lost,paper,44,18,5,17,3,61%,61
Cache,19/06 23:30,46:07,4,11 : 16,lost,BOT Zini,96,20,2,23,4,30%,45
Cache,19/06 23:30,46:07,4,11 : 16,lost,Tablon James,38,15,6,25,1,46%,38
Cache,19/06 23:30,46:07,4,11 : 16,lost,Gerardo Sofovich,56,6,0,25,0,100%,15
Cache,17/06 23:16,30:41,4,16 : 4,won,BOT Zini,40,18,4,10,3,33%,47
Cache,17/06 23:16,30:41,4,16 : 4,won,[Z]elth,45,18,8,10,3,61%,45
Cache,17/06 23:16,30:41,4,16 : 4,won,Tyrion,44,19,5,8,4,42%,43
Cache,17/06 23:16,30:41,4,16 : 4,won,Tablon James,45,15,5,12,3,40%,40
Cache,17/06 23:16,30:41,4,16 : 4,won,MaxKent,46,16,4,10,3,37%,39
Inferno,17/06 22:43,26:04,4,16 : 0,won,MaxKent,45,21,0,6,4,33%,45
Inferno,17/06 22:43,26:04,4,16 : 0,won,[Z]elth,43,19,1,5,3,26%,42
Inferno,17/06 22:43,26:04,4,16 : 0,won,Tyrion,42,15,7,7,3,66%,39
Inferno,17/06 22:43,26:04,4,16 : 0,won,Tablon James,42,14,2,4,4,14%,33
Inferno,17/06 22:43,26:04,4,16 : 0,won,BOT Zini,39,11,3,10,2,27%,26
Cache,17/06 00:09,33:39,3,4 : 16,lost,mancomeister,0,18,1,17,1,38%,39
Cache,17/06 00:09,33:39,3,4 : 16,lost,Tablon James,43,11,2,18,2,45%,26
Cache,17/06 00:09,33:39,3,4 : 16,lost,BOT Zini,32,6,3,18,1,0%,18
Cache,17/06 00:09,33:39,3,4 : 16,lost,Tyrion,44,3,1,17,0,75%,8
Cache,16/06 23:10,26:13,4,16 : 3,won,Tyrion,36,31,3,8,4,45%,71
Cache,16/06 23:10,26:13,4,16 : 3,won,Tablon James,41,21,4,9,3,23%,52
Cache,16/06 23:10,26:13,4,16 : 3,won,mancomeister,35,17,7,10,4,22%,42
Cache,16/06 23:10,26:13,4,16 : 3,won,BOT Zini,38,15,4,12,5,13%,41
Cache,16/06 23:10,26:13,4,16 : 3,won,Gerardo Sofovich,100,4,2,12,0,100%,10
Inferno,16/06 22:24,30:58,4,16 : 8,won,mancomeister,31,34,5,13,4,45%,75
Inferno,16/06 22:24,30:58,4,16 : 8,won,BOT Zini,31,25,2,15,3,16%,56
Inferno,16/06 22:24,30:58,4,16 : 8,won,Tyrion,37,21,10,14,5,42%,52
Inferno,16/06 22:24,30:58,4,16 : 8,won,Tablon James,31,16,2,14,4,25%,39
Inferno,16/06 22:24,30:58,4,16 : 8,won,Gerardo Sofovich,52,4,3,14,0,50%,13
Inferno,16/06 19:12,45:12,2,10 : 16,lost,Tyrion,31,26,2,19,3,73%,60
Inferno,16/06 19:12,45:12,2,10 : 16,lost,Mr_xDxDxDxD,37,23,1,16,5,21%,55
Inferno,16/06 19:12,45:12,2,10 : 16,lost,BOT Zini,0,12,1,21,0,7%,25
Inferno,16/06 19:12,45:12,2,10 : 16,lost,BenjaOP,9,9,2,19,1,11%,22
Inferno,16/06 19:12,45:12,2,10 : 16,lost,Tablon James,31,7,5,23,1,42%,19
Inferno,15/06 02:12,33:52,2,16 : 6,won,BOT Zini,31,14,8,21,1,14%,40
Inferno,15/06 02:12,33:52,2,16 : 6,won,LaioN,58,18,2,16,2,27%,39
Inferno,15/06 02:12,33:52,2,16 : 6,won,Costela,9,15,3,20,1,46%,33
Inferno,15/06 02:12,33:52,2,16 : 6,won,Tablon James,39,15,1,18,2,46%,31
Inferno,15/06 02:12,33:52,2,16 : 6,won,Gerardo Sofovich,58,4,1,20,0,0%,9
Inferno,15/06 01:35,29:40,2,16 : 6,won,Gordin Poukas,5,25,2,17,3,38%,54
Inferno,15/06 01:35,29:40,2,16 : 6,won,Tablon James,36,15,3,16,1,46%,33
Inferno,15/06 01:35,29:40,2,16 : 6,won,IniestaIan,5,8,3,21,1,62%,19
Inferno,15/06 01:35,29:40,2,16 : 6,won,BOT Zini,43,8,2,20,1,37%,18
Inferno,15/06 01:35,29:40,2,16 : 6,won,Gerardo Sofovich,54,2,3,17,0,50%,7
Inferno,15/06 00:56,34:08,1,6 : 16,lost,El Garreth,19,20,0,19,3,25%,44
Inferno,15/06 00:56,34:08,1,6 : 16,lost,Me“âruem“â,45,13,4,22,3,30%,30
Inferno,15/06 00:56,34:08,1,6 : 16,lost,NÃµeÃ∑fÃ∏eÃ∂rÃ∑pÃ¥iÃ∂tÃ¥oÃµuÃ∂,39,-1,0,18,0,0%,4
Inferno,15/06 00:56,34:08,1,6 : 16,lost,Tablon James,0,0,0,0,0,0%,0
Inferno,15/06 00:56,34:08,1,6 : 16,lost,Gerardo Sofovich,0,0,0,0,0,0%,0
Inferno,13/06 01:52,42:23,1,11 : 16,lost,Tablon James,31,39,5,19,9,17%,86
Inferno,13/06 01:52,42:23,1,11 : 16,lost,fer18pipe6,10,20,5,19,0,5%,50
Inferno,13/06 01:52,42:23,1,11 : 16,lost,LYEN_GKPX,27,14,8,18,2,14%,37
Inferno,13/06 01:52,42:23,1,11 : 16,lost,Gerardo Sofovich,43,7,2,22,0,50%,20
Inferno,13/06 01:52,42:23,1,11 : 16,lost,LyenNcKo,0,4,4,8,0,40%,14
Inferno,13/06 00:40,34:12,1,16 : 6,won,COMI O AGUINALDO,12,26,3,17,3,57%,58
Inferno,13/06 00:40,34:12,1,16 : 6,won,Tablon James,40,17,5,20,1,16%,39
Inferno,13/06 00:40,34:12,1,16 : 6,won,AbrH-,16,14,3,18,1,35%,31
Inferno,13/06 00:40,34:12,1,16 : 6,won,CSGO.NET*GilmarPiscineru,21,7,3,15,0,25%,17
Inferno,13/06 00:40,34:12,1,16 : 6,won,Gerardo Sofovich,45,7,2,19,1,42%,16
Inferno,09/06 00:19,33:26,2,16 : 7,won,Tablon James,30,23,6,14,3,21%,54
Inferno,09/06 00:19,33:26,2,16 : 7,won,paper,41,23,3,12,4,41%,51
Inferno,09/06 00:19,33:26,2,16 : 7,won,monje loco,17,20,7,18,3,30%,51
Inferno,09/06 00:19,33:26,2,16 : 7,won,BOT Zini,29,19,8,15,3,15%,49
Inferno,09/06 00:19,33:26,2,16 : 7,won,„Ç¥„Éñ„É™„É≥„Çπ„É¨„Ç§„É§„Éº,61,13,7,12,3,0%,41
Inferno,07/06 01:07,38:24,3,10 : 16,lost,paper,50,27,6,21,4,33%,62
Inferno,07/06 01:07,38:24,3,10 : 16,lost,Tablon James,36,17,6,22,3,23%,46
Inferno,07/06 01:07,38:24,3,10 : 16,lost,BOT Zini,41,17,8,23,2,17%,42
Inferno,07/06 01:07,38:24,3,10 : 16,lost,Gerardo Sofovich,66,9,1,22,0,20%,24
Inferno,07/06 01:07,38:24,3,10 : 16,lost,patonbauza,0,4,2,19,1,50%,18
Mirage,07/06 00:25,36:15,2,8 : 16,lost,Rrratatatata,39,36,3,13,10,30%,82
Mirage,07/06 00:25,36:15,2,8 : 16,lost,paper,40,25,2,15,2,52%,59
Mirage,07/06 00:25,36:15,2,8 : 16,lost,Tablon James,31,12,7,17,3,23%,42
Mirage,07/06 00:25,36:15,2,8 : 16,lost,Gerardo Sofovich,60,8,5,18,1,62%,31
Mirage,07/06 00:25,36:15,2,8 : 16,lost,Pepino Killer,83,10,5,18,0,40%,26
Mirage,06/06 23:28,41:02,1,9 : 16,lost,paper,52,27,6,11,4,33%,79
Mirage,06/06 23:28,41:02,1,9 : 16,lost,Bread,30,24,4,17,3,12%,54
Mirage,06/06 23:28,41:02,1,9 : 16,lost,fogo,72,16,9,14,4,41%,49
Mirage,06/06 23:28,41:02,1,9 : 16,lost,FranTocci,41,20,3,18,4,35%,48
Mirage,06/06 23:28,41:02,1,9 : 16,lost,Tablon James,34,13,5,17,1,38%,36
Mirage,06/06 00:12,39:01,2,9 : 16,lost,Rustyla,68,19,4,19,3,42%,55
Mirage,06/06 00:12,39:01,2,9 : 16,lost,paper,52,19,4,20,2,47%,48
Mirage,06/06 00:12,39:01,2,9 : 16,lost,Tablon James,34,15,3,23,1,31%,39
Mirage,06/06 00:12,39:01,2,9 : 16,lost,Kadonashi,28,8,2,20,2,37%,28
Mirage,06/06 00:12,39:01,2,9 : 16,lost,BOT Zini,32,6,5,23,1,37%,22
Inferno,05/06 23:26,39:41,3,7 : 16,lost,paper,51,23,4,11,6,39%,58
Inferno,05/06 23:26,39:41,3,7 : 16,lost,BOT Zini,46,23,4,16,4,16%,58
Inferno,05/06 23:26,39:41,3,7 : 16,lost,Tablon James,33,18,6,17,1,27%,46
Inferno,05/06 23:26,39:41,3,7 : 16,lost,Markitos,30,15,3,15,2,20%,40
Inferno,05/06 23:26,39:41,3,7 : 16,lost,Gerardo Sofovich,47,7,2,18,3,14%,31
Mirage,02/06 00:53,39:24,2,16 : 10,won,Tablon James,31,22,2,21,2,18%,54
Mirage,02/06 00:53,39:24,2,16 : 10,won,paper,176,15,4,16,7,68%,46
Mirage,02/06 00:53,39:24,2,16 : 10,won,BOT Zini,33,17,6,22,1,17%,44
Mirage,02/06 00:53,39:24,2,16 : 10,won,‚ú™Laxxion,18,13,2,24,0,42%,32
Mirage,02/06 00:53,39:24,2,16 : 10,won,‚ú™Lukee,21,8,3,22,0,25%,19
Inferno,02/06 00:05,38:09,2,6 : 16,lost,Tablon James,23,13,6,18,1,30%,41
Inferno,02/06 00:05,38:09,2,6 : 16,lost,RYDER,75,12,6,18,2,41%,36
Inferno,02/06 00:05,38:09,2,6 : 16,lost,paper,175,13,2,18,2,46%,30
Inferno,02/06 00:05,38:09,2,6 : 16,lost,BOT Zini,37,11,2,19,1,45%,27
Inferno,02/06 00:05,38:09,2,6 : 16,lost,Dollynho Seu Amiguinho,0,5,0,14,0,40%,13
Mirage,29/05 20:33,46:49,0,13 : 16,lost,niko,40,32,4,22,1,31%,75
Mirage,29/05 20:33,46:49,0,13 : 16,lost,ALKAAIIDAA,36,25,4,23,4,28%,66
Mirage,29/05 20:33,46:49,0,13 : 16,lost,Tablon James,34,18,10,25,2,27%,50
Mirage,29/05 20:33,46:49,0,13 : 16,lost,Boltalha,71,19,7,21,5,10%,48
Mirage,29/05 20:33,46:49,0,13 : 16,lost,Nagato „Ç∑,0,11,2,22,1,25%,28
Inferno,29/05 00:49,41:37,3,9 : 16,lost,[Z]elth,36,19,1,18,2,36%,52
Inferno,29/05 00:49,41:37,3,9 : 16,lost,Tablon James,36,17,2,21,4,35%,50
Inferno,29/05 00:49,41:37,3,9 : 16,lost,BOT Zini,41,17,7,20,2,23%,43
Inferno,29/05 00:49,41:37,3,9 : 16,lost,paper,164,8,5,21,1,33%,26
Inferno,29/05 00:49,41:37,3,9 : 16,lost,Bryophyta sensu lato,0,10,1,10,0,20%,23
Inferno,27/05 00:22,50:52,2,16 : 14,won,Tablon James,31,26,2,24,4,19%,62
Inferno,27/05 00:22,50:52,2,16 : 14,won,Franquinini,26,25,1,18,3,12%,58
Inferno,27/05 00:22,50:52,2,16 : 14,won,paper,152,20,7,23,3,61%,54
Inferno,27/05 00:22,50:52,2,16 : 14,won,BOT Zini,31,14,9,23,1,42%,45
Inferno,27/05 00:22,50:52,2,16 : 14,won,BRC_ANDRU,61,14,2,21,3,35%,33
